Name, Last_Expectation
user1,74.00126919923575
user2,74.00126919923575
user3,74.00126919923575
user4,74.00126919923575

ems,74.00126919923575
